{
    "OppositeVehicleRunningRedLight": {
        "scores_mean": {
            "score_route": 100.0,
            "score_penalty": 0.9744086799999999,
            "score_composed": 97.44086771999999
        },
        "scores_std": {
            "score_route": 0.0,
            "score_penalty": 0.08462843138672486,
            "score_composed": 8.46284336135568
        }
    },
    "YieldToEmergencyVehicle": {
        "scores_mean": {
            "score_route": 98.0,
            "score_penalty": 0.54652782,
            "score_composed": 52.652779599999995
        },
        "scores_std": {
            "score_route": 14.0,
            "score_penalty": 0.11051474057910828,
            "score_composed": 11.693855718381622
        }
    },
    "Accident": {
        "scores_mean": {
            "score_route": 100.0,
            "score_penalty": 0.4785905200000001,
            "score_composed": 47.859051
        },
        "scores_std": {
            "score_route": 0.0,
            "score_penalty": 0.07773676602309619,
            "score_composed": 7.773677113026742
        }
    },
    "HighwayExit": {
        "scores_mean": {
            "score_route": 100.0,
            "score_penalty": 0.5796918636363636,
            "score_composed": 57.96919256818182
        },
        "scores_std": {
            "score_route": 0.0,
            "score_penalty": 0.13968341931824246,
            "score_composed": 13.968340799759732
        }
    },
    "ConstructionObstacleTwoWays": {
        "scores_mean": {
            "score_route": 100.0,
            "score_penalty": 0.34823102,
            "score_composed": 34.82310366
        },
        "scores_std": {
            "score_route": 0.0,
            "score_penalty": 0.030933961465993972,
            "score_composed": 3.093395579006407
        }
    },
    "InvadingTurn": {
        "scores_mean": {
            "score_route": 99.71627450980391,
            "score_penalty": 0.7295200392156863,
            "score_composed": 72.6682770392157
        },
        "scores_std": {
            "score_route": 2.0062421811312436,
            "score_penalty": 0.13273482463919734,
            "score_composed": 12.839857883721981
        }
    },
    "HazardAtSideLaneTwoWays": {
        "scores_mean": {
            "score_route": 100.0,
            "score_penalty": 0.5210015,
            "score_composed": 52.10015246000001
        },
        "scores_std": {
            "score_route": 0.0,
            "score_penalty": 0.08560668869410847,
            "score_composed": 8.560668192389162
        }
    },
    "EnterActorFlow": {
        "scores_mean": {
            "score_route": 96.37235294117647,
            "score_penalty": 0.7176532941176471,
            "score_composed": 68.13768147058823
        },
        "scores_std": {
            "score_route": 17.959982923726027,
            "score_penalty": 0.23692291729236592,
            "score_composed": 26.058297209556095
        }
    },
    "ConstructionObstacle": {
        "scores_mean": {
            "score_route": 98.50901960784314,
            "score_penalty": 0.3280899215686275,
            "score_composed": 31.318008313725493
        },
        "scores_std": {
            "score_route": 10.542823459102957,
            "score_penalty": 0.12113320924095694,
            "score_composed": 7.584379197936288
        }
    },
    "ParkingCrossingPedestrian": {
        "scores_mean": {
            "score_route": 96.44058823529413,
            "score_penalty": 0.9057251176470588,
            "score_composed": 88.56758615686276
        },
        "scores_std": {
            "score_route": 15.564019392624106,
            "score_penalty": 0.12871148051079312,
            "score_composed": 19.64685148463607
        }
    },
    "OppositeVehicleTakingPriority": {
        "scores_mean": {
            "score_route": 100.0,
            "score_penalty": 0.9954874000000001,
            "score_composed": 99.54874
        },
        "scores_std": {
            "score_route": 0.0,
            "score_penalty": 0.0221129477736461,
            "score_composed": 2.21129477736461
        }
    },
    "MergerIntoSlowTraffic": {
        "scores_mean": {
            "score_route": 100.0,
            "score_penalty": 0.68838606,
            "score_composed": 68.83860482
        },
        "scores_std": {
            "score_route": 0.0,
            "score_penalty": 0.2262965534383067,
            "score_composed": 22.629655749479706
        }
    },
    "ControlLoss": {
        "scores_mean": {
            "score_route": 100.0,
            "score_penalty": 0.9607115999999999,
            "score_composed": 96.07116548
        },
        "scores_std": {
            "score_route": 0.0,
            "score_penalty": 0.04930661054706559,
            "score_composed": 4.9306567287357135
        }
    },
    "VehicleTurningRoutePedestrian": {
        "scores_mean": {
            "score_route": 100.0,
            "score_penalty": 0.7907438,
            "score_composed": 79.07438482
        },
        "scores_std": {
            "score_route": 0.0,
            "score_penalty": 0.18516356226893024,
            "score_composed": 18.51635157115633
        }
    },
    "StaticCutIn": {
        "scores_mean": {
            "score_route": 100.0,
            "score_penalty": 0.96751672,
            "score_composed": 96.75167424
        },
        "scores_std": {
            "score_route": 0.0,
            "score_penalty": 0.05031453352065981,
            "score_composed": 5.031449001200646
        }
    },
    "HazardAtSideLane": {
        "scores_mean": {
            "score_route": 98.0,
            "score_penalty": 0.46151222000000003,
            "score_composed": 44.151224299999996
        },
        "scores_std": {
            "score_route": 14.0,
            "score_penalty": 0.11236538870030931,
            "score_composed": 10.337541219661539
        }
    },
    "ParkingCutIn": {
        "scores_mean": {
            "score_route": 99.5092,
            "score_penalty": 0.90201818,
            "score_composed": 89.71101942
        },
        "scores_std": {
            "score_route": 3.435600000000001,
            "score_penalty": 0.08106791851594315,
            "score_composed": 8.240481476466087
        }
    },
    "AccidentTwoWays": {
        "scores_mean": {
            "score_route": 98.03921568627452,
            "score_penalty": 0.6032771764705883,
            "score_composed": 58.36693333333333
        },
        "scores_std": {
            "score_route": 13.86483884679505,
            "score_penalty": 0.0572160364637041,
            "score_composed": 8.33024169391771
        }
    },
    "HighwayCutIn": {
        "scores_mean": {
            "score_route": 100.0,
            "score_penalty": 0.8837106200000001,
            "score_composed": 88.37105412000003
        },
        "scores_std": {
            "score_route": 0.0,
            "score_penalty": 0.04568406547403153,
            "score_composed": 4.568413654850548
        }
    },
    "InterurbanAdvancedActorFlow": {
        "scores_mean": {
            "score_route": 98.53764705882354,
            "score_penalty": 0.6091129019607844,
            "score_composed": 59.448936176470596
        },
        "scores_std": {
            "score_route": 10.340396811939748,
            "score_penalty": 0.19374497474745597,
            "score_composed": 19.182597414504443
        }
    },
    "PriorityAtJunction": {
        "scores_mean": {
            "score_route": 98.06862745098039,
            "score_penalty": 0.9881082352941175,
            "score_composed": 96.87945098039218
        },
        "scores_std": {
            "score_route": 13.656866264093123,
            "score_penalty": 0.029273145339411076,
            "score_composed": 13.801655007769154
        }
    },
    "NonSignalizedJunctionLeftTurn": {
        "scores_mean": {
            "score_route": 100.0,
            "score_penalty": 0.90891044,
            "score_composed": 90.8910448
        },