{
    "BlockedIntersection": {
        "scores_mean": {
            "score_route": 99.3344,
            "score_penalty": 0.57918394,
            "score_composed": 57.4957544
        },
        "scores_std": {
            "score_route": 4.6592,
            "score_penalty": 0.20037451285973573,
            "score_composed": 20.137917073950337
        }
    },
    "SignalizedJunctionLeftTurn": {
        "scores_mean": {
            "score_route": 97.78039999999999,
            "score_penalty": 0.7143483800000001,
            "score_composed": 70.9355778
        },
        "scores_std": {
            "score_route": 9.00325651306237,
            "score_penalty": 0.26144842390642864,
            "score_composed": 27.100900012255476
        }
    },
    "AccidentTwoWays": {
        "scores_mean": {
            "score_route": 71.0222,
            "score_penalty": 0.30673456,
            "score_composed": 22.009070740000002
        },
        "scores_std": {
            "score_route": 35.91824028484692,
            "score_penalty": 0.24146064293181696,
            "score_composed": 22.346202432352207
        }
    },
    "ParkedObstacle": {
        "scores_mean": {
            "score_route": 100.0,
            "score_penalty": 0.24407207999999997,
            "score_composed": 24.407201959999995
        },
        "scores_std": {
            "score_route": 0.0,
            "score_penalty": 0.10330325985037257,
            "score_composed": 10.330327583843578
        }
    },
    "HazardAtSideLane": {
        "scores_mean": {
            "score_route": 100.0,
            "score_penalty": 0.29429008,
            "score_composed": 29.42900578
        },
        "scores_std": {
            "score_route": 0.0,
            "score_penalty": 0.1424292069253831,
            "score_composed": 14.242918360333666
        }
    },
    "MergerIntoSlowTrafficV2": {
        "scores_mean": {
            "score_route": 76.00822222222222,
            "score_penalty": 0.5009015555555555,
            "score_composed": 39.941872866666664
        },
        "scores_std": {
            "score_route": 28.55170291001446,
            "score_penalty": 0.3038140015811249,
            "score_composed": 34.76019282770309
        }
    },
    "HazardAtSideLaneTwoWays": {
        "scores_mean": {
            "score_route": 70.7384,
            "score_penalty": 0.32129223999999995,
            "score_composed": 28.44813268
        },
        "scores_std": {
            "score_route": 36.56828206848115,
            "score_penalty": 0.2785333849691674,
            "score_composed": 30.33245249166316
        }
    },
    "VehicleTurningRoute": {
        "scores_mean": {
            "score_route": 92.29979999999999,
            "score_penalty": 0.55609958,
            "score_composed": 50.71571946
        },
        "scores_std": {
            "score_route": 20.151859913169304,
            "score_penalty": 0.27297377946455514,
            "score_composed": 28.53957783657033
        }
    },
    "ControlLoss": {
        "scores_mean": {
            "score_route": 85.4904,
            "score_penalty": 0.6314302399999999,
            "score_composed": 57.915524219999995
        },
        "scores_std": {
            "score_route": 26.915323662181734,
            "score_penalty": 0.3419891343193558,
            "score_composed": 36.92398556961216
        }
    },
    "OppositeVehicleTakingPriority": {
        "scores_mean": {
            "score_route": 100.0,
            "score_penalty": 0.8703561399999998,
            "score_composed": 87.03561116
        },
        "scores_std": {
            "score_route": 0.0,
            "score_penalty": 0.17785735514698403,
            "score_composed": 17.785736636195637
        }
    },
    "ParkingExit": {
        "scores_mean": {
            "score_route": 66.403,
            "score_penalty": 0.35295995999999996,
            "score_composed": 23.552728220000002
        },
        "scores_std": {
            "score_route": 31.7549957172096,
            "score_penalty": 0.11249962166957897,
            "score_composed": 14.20015974367063
        }
    },
    "Accident": {
        "scores_mean": {
            "score_route": 81.6856,
            "score_penalty": 0.40191931999999997,
            "score_composed": 33.55628138
        },
        "scores_std": {
            "score_route": 34.24266877216202,
            "score_penalty": 0.316016863396651,
            "score_composed": 33.973132274220205
        }
    },
    "VehicleOpensDoorTwoWays": {
        "scores_mean": {
            "score_route": 75.11880000000001,
            "score_penalty": 0.3957288199999999,
            "score_composed": 30.28130864
        },
        "scores_std": {
            "score_route": 30.728282323618416,
            "score_penalty": 0.2001862158197402,
            "score_composed": 23.23711676808723
        }
    },
    "DynamicObjectCrossing": {
        "scores_mean": {
            "score_route": 72.24122448979593,
            "score_penalty": 0.42489163265306124,
            "score_composed": 28.54266644897959
        },
        "scores_std": {
            "score_route": 38.26065707921491,
            "score_penalty": 0.2489259291539778,
            "score_composed": 23.06055330222371
        }
    },
    "HighwayExit": {
        "scores_mean": {
            "score_route": 100.0,
            "score_penalty": 0.41383068000000006,
            "score_composed": 41.383074019999995
        },
        "scores_std": {
            "score_route": 0.0,
            "score_penalty": 0.09633443786360929,
            "score_composed": 9.63344093313211
        }
    },
    "StaticCutIn": {
        "scores_mean": {
            "score_route": 78.844,
            "score_penalty": 0.42831034,
            "score_composed": 39.409747020000005
        },
        "scores_std": {
            "score_route": 24.500581789010642,
            "score_penalty": 0.37815198803119415,
            "score_composed": 40.123929245501365
        }
    },
    "YieldToEmergencyVehicle": {
        "scores_mean": {
            "score_route": 100.0,
            "score_penalty": 0.33915868000000005,
            "score_composed": 33.915860699999996
        },
        "scores_std": {
            "score_route": 0.0,
            "score_penalty": 0.15681214094838958,
            "score_composed": 15.681208219458236
        }
    },
    "NonSignalizedJunctionRightTurn": {
        "scores_mean": {
            "score_route": 96.99560000000001,
            "score_penalty": 0.6088463000000001,
            "score_composed": 60.24034575999999
        },
        "scores_std": {
            "score_route": 11.392022851100677,
            "score_penalty": 0.26360983815003947,
            "score_composed": 27.29350541517043
        }
    },
    "PedestrianCrossing": {
        "scores_mean": {
            "score_route": 99.39920000000001,
            "score_penalty": 0.49285611999999995,
            "score_composed": 49.148930760000006
        },
        "scores_std": {
            "score_route": 4.205600000000001,
            "score_penalty": 0.2480456758889088,
            "score_composed": 24.968699000808538
        }
    },
    "NonSignalizedJunctionLeftTurn": {
        "scores_mean": {
            "score_route": 99.4618,
            "score_penalty": 0.7282139200000001,
            "score_composed": 72.71853976
        },
        "scores_std": {
            "score_route": 3.7673999999999994,
            "score_penalty": 0.27992565583932033,
            "score_composed": 28.19841475841919
        }
    },
    "HardBreakRoute": {
        "scores_mean": {
            "score_route": 95.0846,
            "score_penalty": 0.5278778599999999,
            "score_composed": 51.88101220000001
        },
        "scores_std": {
            "score_route": 15.482079474024154,
            "score_penalty": 0.25532905164105474,
            "score_composed": 26.222995427872107
        }
    },